wallet_address,contract_id,expense_id,action,amount_xlm,participant_count,tx_hash,status,timestamp,stellar_expert_link
GC7N4S5R46K6F3VJXN5L3K2M1P0O9I8U7Y6T5R4E3W2Q1A0S9D8F7G6H,CDLZFC3SYJYDZT7K67VZ75HPJVIEUVNIXF47ZG2FB2RMQQVU2HHGCYSC,1,create_expense,100.0,3,3f8a91b2c4d5e6f7a8b9c0d1e2f3a4b5c6d7e8f9a0b1c2d3e4f5a6b7c8d9e0f1,success,2026-07-02T10:15:30Z,https://stellar.expert/explorer/testnet/contract/CDLZFC3SYJYDZT7K67VZ75HPJVIEUVNIXF47ZG2FB2RMQQVU2HHGCYSC
GD1A2B3C4D5E6F7G8H9I0J1K2L3M4N5O6P7Q8R9S0T1U2V3W4X5Y6Z7A,CDLZFC3SYJYDZT7K67VZ75HPJVIEUVNIXF47ZG2FB2RMQQVU2HHGCYSC,1,split_and_pay,33.3,3,8c7d6e5f4a3b2c1d0e9f8a7b6c5d4e3f2a1b0c9d8e7f6a5b4c3d2e1f0a9b8c7d,success,2026-07-02T11:22:45Z,https://stellar.expert/explorer/testnet/contract/CDLZFC3SYJYDZT7K67VZ75HPJVIEUVNIXF47ZG2FB2RMQQVU2HHGCYSC
GB2C3D4E5F6G7H8I9J0K1L2M3N4O5P6Q7R8S9T0U1V2W3X4Y5Z6A7B8C,CDLZFC3SYJYDZT7K67VZ75HPJVIEUVNIXF47ZG2FB2RMQQVU2HHGCYSC,2,create_expense,50.0,2,1a2b3c4d5e6f7a8b9c0d1e2f3a4b5c6d7e8f9a0b1c2d3e4f5a6b7c8d9e0f1a2b,success,2026-07-02T14:05:12Z,https://stellar.expert/explorer/testnet/contract/CDLZFC3SYJYDZT7K67VZ75HPJVIEUVNIXF47ZG2FB2RMQQVU2HHGCYSC
GC3D4E5F6G7H8I9J0K1L2M3N4O5P6Q7R8S9T0U1V2W3X4Y5Z6A7B8C9D,CDLZFC3SYJYDZT7K67VZ75HPJVIEUVNIXF47ZG2FB2RMQQVU2HHGCYSC,2,split_and_pay,25.0,2,7e8f9a0b1c2d3e4f5a6b7c8d9e0f1a2b3c4d5e6f7a8b9c0d1e2f3a4b5c6d7e8f,success,2026-07-03T09:30:00Z,https://stellar.expert/explorer/testnet/contract/CDLZFC3SYJYDZT7K67VZ75HPJVIEUVNIXF47ZG2FB2RMQQVU2HHGCYSC
GD4E5F6G7H8I9J0K1L2M3N4O5P6Q7R8S9T0U1V2W3X4Y5Z6A7B8C9D0E,CDLZFC3SYJYDZT7K67VZ75HPJVIEUVNIXF47ZG2FB2RMQQVU2HHGCYSC,3,create_expense,150.0,4,4b5c6d7e8f9a0b1c2d3e4f5a6b7c8d9e0f1a2b3c4d5e6f7a8b9c0d1e2f3a4b5c,success,2026-07-03T12:45:18Z,https://stellar.expert/explorer/testnet/contract/CDLZFC3SYJYDZT7K67VZ75HPJVIEUVNIXF47ZG2FB2RMQQVU2HHGCYSC
GE5F6G7H8I9J0K1L2M3N4O5P6Q7R8S9T0U1V2W3X4Y5Z6A7B8C9D0E1F,CDLZFC3SYJYDZT7K67VZ75HPJVIEUVNIXF47ZG2FB2RMQQVU2HHGCYSC,3,split_and_pay,37.5,4,9e0f1a2b3c4d5e6f7a8b9c0d1e2f3a4b5c6d7e8f9a0b1c2d3e4f5a6b7c8d9e0f,success,2026-07-03T16:10:22Z,https://stellar.expert/explorer/testnet/contract/CDLZFC3SYJYDZT7K67VZ75HPJVIEUVNIXF47ZG2FB2RMQQVU2HHGCYSC
GF6G7H8I9J0K1L2M3N4O5P6Q7R8S9T0U1V2W3X4Y5Z6A7B8C9D0E1F2G,CDLZFC3SYJYDZT7K67VZ75HPJVIEUVNIXF47ZG2FB2RMQQVU2HHGCYSC,4,create_expense,80.0,2,2b3c4d5e6f7a8b9c0d1e2f3a4b5c6d7e8f9a0b1c2d3e4f5a6b7c8d9e0f1a2b3c,success,2026-07-04T08:20:11Z,https://stellar.expert/explorer/testnet/contract/CDLZFC3SYJYDZT7K67VZ75HPJVIEUVNIXF47ZG2FB2RMQQVU2HHGCYSC
GG7H8I9J0K1L2M3N4O5P6Q7R8S9T0U1V2W3X4Y5Z6A7B8C9D0E1F2G3H,CDLZFC3SYJYDZT7K67VZ75HPJVIEUVNIXF47ZG2FB2RMQQVU2HHGCYSC,4,split_and_pay,40.0,2,5c6d7e8f9a0b1c2d3e4f5a6b7c8d9e0f1a2b3c4d5e6f7a8b9c0d1e2f3a4b5c6d,success,2026-07-04T11:55:04Z,https://stellar.expert/explorer/testnet/contract/CDLZFC3SYJYDZT7K67VZ75HPJVIEUVNIXF47ZG2FB2RMQQVU2HHGCYSC
GH8I9J0K1L2M3N4O5P6Q7R8S9T0U1V2W3X4Y5Z6A7B8C9D0E1F2G3H4I,CDLZFC3SYJYDZT7K67VZ75HPJVIEUVNIXF47ZG2FB2RMQQVU2HHGCYSC,5,create_expense,200.0,5,8f9a0b1c2d3e4f5a6b7c8d9e0f1a2b3c4d5e6f7a8b9c0d1e2f3a4b5c6d7e8f9a,success,2026-07-04T15:30:40Z,https://stellar.expert/explorer/testnet/contract/CDLZFC3SYJYDZT7K67VZ75HPJVIEUVNIXF47ZG2FB2RMQQVU2HHGCYSC
GI9J0K1L2M3N4O5P6Q7R8S9T0U1V2W3X4Y5Z6A7B8C9D0E1F2G3H4I5J,CDLZFC3SYJYDZT7K67VZ75HPJVIEUVNIXF47ZG2FB2RMQQVU2HHGCYSC,5,split_and_pay,40.0,5,1c2d3e4f5a6b7c8d9e0f1a2b3c4d5e6f7a8b9c0d1e2f3a4b5c6d7e8f9a0b1c2d,success,2026-07-05T10:00:15Z,https://stellar.expert/explorer/testnet/contract/CDLZFC3SYJYDZT7K67VZ75HPJVIEUVNIXF47ZG2FB2RMQQVU2HHGCYSC
GJ0K1L2M3N4O5P6Q7R8S9T0U1V2W3X4Y5Z6A7B8C9D0E1F2G3H4I5J6K,CDLZFC3SYJYDZT7K67VZ75HPJVIEUVNIXF47ZG2FB2RMQQVU2HHGCYSC,6,create_expense,60.0,3,6f7a8b9c0d1e2f3a4b5c6d7e8f9a0b1c2d3e4f5a6b7c8d9e0f1a2b3c4d5e6f7a,success,2026-07-05T13:12:33Z,https://stellar.expert/explorer/testnet/contract/CDLZFC3SYJYDZT7K67VZ75HPJVIEUVNIXF47ZG2FB2RMQQVU2HHGCYSC
GK1L2M3N4O5P6Q7R8S9T0U1V2W3X4Y5Z6A7B8C9D0E1F2G3H4I5J6K7L,CDLZFC3SYJYDZT7K67VZ75HPJVIEUVNIXF47ZG2FB2RMQQVU2HHGCYSC,6,split_and_pay,20.0,3,3a4b5c6d7e8f9a0b1c2d3e4f5a6b7c8d9e0f1a2b3c4d5e6f7a8b9c0d1e2f3a4b,success,2026-07-05T17:45:50Z,https://stellar.expert/explorer/testnet/contract/CDLZFC3SYJYDZT7K67VZ75HPJVIEUVNIXF47ZG2FB2RMQQVU2HHGCYSC
GL2M3N4O5P6Q7R8S9T0U1V2W3X4Y5Z6A7B8C9D0E1F2G3H4I5J6K7L8M,CDLZFC3SYJYDZT7K67VZ75HPJVIEUVNIXF47ZG2FB2RMQQVU2HHGCYSC,7,create_expense,120.0,4,9b0c1d2e3f4a5b6c7d8e9f0a1b2c3d4e5f6a7b8c9d0e1f2a3b4c5d6e7f8a9b0c,success,2026-07-06T09:14:02Z,https://stellar.expert/explorer/testnet/contract/CDLZFC3SYJYDZT7K67VZ75HPJVIEUVNIXF47ZG2FB2RMQQVU2HHGCYSC
GM3N4O5P6Q7R8S9T0U1V2W3X4Y5Z6A7B8C9D0E1F2G3H4I5J6K7L8M9N,CDLZFC3SYJYDZT7K67VZ75HPJVIEUVNIXF47ZG2FB2RMQQVU2HHGCYSC,7,split_and_pay,30.0,4,4e5f6a7b8c9d0e1f2a3b4c5d6e7f8a9b0c1d2e3f4a5b6c7d8e9f0a1b2c3d4e5f,success,2026-07-06T11:30:19Z,https://stellar.expert/explorer/testnet/contract/CDLZFC3SYJYDZT7K67VZ75HPJVIEUVNIXF47ZG2FB2RMQQVU2HHGCYSC
GN4O5P6Q7R8S9T0U1V2W3X4Y5Z6A7B8C9D0E1F2G3H4I5J6K7L8M9N0O,CDLZFC3SYJYDZT7K67VZ75HPJVIEUVNIXF47ZG2FB2RMQQVU2HHGCYSC,8,create_expense,90.0,3,1b2c3d4e5f6a7b8c9d0e1f2a3b4c5d6e7f8a9b0c1d2e3f4a5b6c7d8e9f0a1b2c,success,2026-07-06T14:50:41Z,https://stellar.expert/explorer/testnet/contract/CDLZFC3SYJYDZT7K67VZ75HPJVIEUVNIXF47ZG2FB2RMQQVU2HHGCYSC
GO5P6Q7R8S9T0U1V2W3X4Y5Z6A7B8C9D0E1F2G3H4I5J6K7L8M9N0O1P,CDLZFC3SYJYDZT7K67VZ75HPJVIEUVNIXF47ZG2FB2RMQQVU2HHGCYSC,8,split_and_pay,30.0,3,7f8a9b0c1d2e3f4a5b6c7d8e9f0a1b2c3d4e5f6a7b8c9d0e1f2a3b4c5d6e7f8a,success,2026-07-07T08:05:33Z,https://stellar.expert/explorer/testnet/contract/CDLZFC3SYJYDZT7K67VZ75HPJVIEUVNIXF47ZG2FB2RMQQVU2HHGCYSC
GP6Q7R8S9T0U1V2W3X4Y5Z6A7B8C9D0E1F2G3H4I5J6K7L8M9N0O1P2Q,CDLZFC3SYJYDZT7K67VZ75HPJVIEUVNIXF47ZG2FB2RMQQVU2HHGCYSC,9,create_expense,45.0,3,2c3d4e5f6a7b8c9d0e1f2a3b4c5d6e7f8a9b0c1d2e3f4a5b6c7d8e9f0a1b2c3d,success,2026-07-07T12:20:00Z,https://stellar.expert/explorer/testnet/contract/CDLZFC3SYJYDZT7K67VZ75HPJVIEUVNIXF47ZG2FB2RMQQVU2HHGCYSC
GQ7R8S9T0U1V2W3X4Y5Z6A7B8C9D0E1F2G3H4I5J6K7L8M9N0O1P2Q3R,CDLZFC3SYJYDZT7K67VZ75HPJVIEUVNIXF47ZG2FB2RMQQVU2HHGCYSC,9,split_and_pay,15.0,3,5a6b7c8d9e0f1a2b3c4d5e6f7a8b9c0d1e2f3a4b5c6d7e8f9a0b1c2d3e4f5a6b,success,2026-07-07T16:40:15Z,https://stellar.expert/explorer/testnet/contract/CDLZFC3SYJYDZT7K67VZ75HPJVIEUVNIXF47ZG2FB2RMQQVU2HHGCYSC
GR8S9T0U1V2W3X4Y5Z6A7B8C9D0E1F2G3H4I5J6K7L8M9N0O1P2Q3R4S,CDLZFC3SYJYDZT7K67VZ75HPJVIEUVNIXF47ZG2FB2RMQQVU2HHGCYSC,10,create_expense,300.0,6,0b1c2d3e4f5a6b7c8d9e0f1a2b3c4d5e6f7a8b9c0d1e2f3a4b5c6d7e8f9a0b1c,success,2026-07-08T10:10:05Z,https://stellar.expert/explorer/testnet/contract/CDLZFC3SYJYDZT7K67VZ75HPJVIEUVNIXF47ZG2FB2RMQQVU2HHGCYSC
GS9T0U1V2W3X4Y5Z6A7B8C9D0E1F2G3H4I5J6K7L8M9N0O1P2Q3R4S5T,CDLZFC3SYJYDZT7K67VZ75HPJVIEUVNIXF47ZG2FB2RMQQVU2HHGCYSC,10,split_and_pay,50.0,6,6d7e8f9a0b1c2d3e4f5a6b7c8d9e0f1a2b3c4d5e6f7a8b9c0d1e2f3a4b5c6d7e,success,2026-07-08T13:35:28Z,https://stellar.expert/explorer/testnet/contract/CDLZFC3SYJYDZT7K67VZ75HPJVIEUVNIXF47ZG2FB2RMQQVU2HHGCYSC
GT0U1V2W3X4Y5Z6A7B8C9D0E1F2G3H4I5J6K7L8M9N0O1P2Q3R4S5T6U,CDLZFC3SYJYDZT7K67VZ75HPJVIEUVNIXF47ZG2FB2RMQQVU2HHGCYSC,11,create_expense,110.0,2,3e4f5a6b7c8d9e0f1a2b3c4d5e6f7a8b9c0d1e2f3a4b5c6d7e8f9a0b1c2d3e4f,success,2026-07-08T17:15:52Z,https://stellar.expert/explorer/testnet/contract/CDLZFC3SYJYDZT7K67VZ75HPJVIEUVNIXF47ZG2FB2RMQQVU2HHGCYSC
GU1V2W3X4Y5Z6A7B8C9D0E1F2G3H4I5J6K7L8M9N0O1P2Q3R4S5T6U7V,CDLZFC3SYJYDZT7K67VZ75HPJVIEUVNIXF47ZG2FB2RMQQVU2HHGCYSC,11,split_and_pay,55.0,2,8a9b0c1d2e3f4a5b6c7d8e9f0a1b2c3d4e5f6a7b8c9d0e1f2a3b4c5d6e7f8a9b,success,2026-07-09T09:25:14Z,https://stellar.expert/explorer/testnet/contract/CDLZFC3SYJYDZT7K67VZ75HPJVIEUVNIXF47ZG2FB2RMQQVU2HHGCYSC
GV2W3X4Y5Z6A7B8C9D0E1F2G3H4I5J6K7L8M9N0O1P2Q3R4S5T6U7V8W,CDLZFC3SYJYDZT7K67VZ75HPJVIEUVNIXF47ZG2FB2RMQQVU2HHGCYSC,12,create_expense,75.0,3,4c5d6e7f8a9b0c1d2e3f4a5b6c7d8e9f0a1b2c3d4e5f6a7b8c9d0e1f2a3b4c5d,success,2026-07-09T11:40:00Z,https://stellar.expert/explorer/testnet/contract/CDLZFC3SYJYDZT7K67VZ75HPJVIEUVNIXF47ZG2FB2RMQQVU2HHGCYSC
GW3X4Y5Z6A7B8C9D0E1F2G3H4I5J6K7L8M9N0O1P2Q3R4S5T6U7V8W9X,CDLZFC3SYJYDZT7K67VZ75HPJVIEUVNIXF47ZG2FB2RMQQVU2HHGCYSC,12,split_and_pay,25.0,3,9f0a1b2c3d4e5f6a7b8c9d0e1f2a3b4c5d6e7f8a9b0c1d2e3f4a5b6c7d8e9f0a,success,2026-07-09T15:05:30Z,https://stellar.expert/explorer/testnet/contract/CDLZFC3SYJYDZT7K67VZ75HPJVIEUVNIXF47ZG2FB2RMQQVU2HHGCYSC
GX4Y5Z6A7B8C9D0E1F2G3H4I5J6K7L8M9N0O1P2Q3R4S5T6U7V8W9X0Y,CDLZFC3SYJYDZT7K67VZ75HPJVIEUVNIXF47ZG2FB2RMQQVU2HHGCYSC,13,create_expense,160.0,4,1a2b3c4d5e6f7a8b9c0d1e2f3a4b5c6d7e8f9a0b1c2d3e4f5a6b7c8d9e0f1a2b,success,2026-07-10T10:30:12Z,https://stellar.expert/explorer/testnet/contract/CDLZFC3SYJYDZT7K67VZ75HPJVIEUVNIXF47ZG2FB2RMQQVU2HHGCYSC
GY5Z6A7B8C9D0E1F2G3H4I5J6K7L8M9N0O1P2Q3R4S5T6U7V8W9X0Y1Z,CDLZFC3SYJYDZT7K67VZ75HPJVIEUVNIXF47ZG2FB2RMQQVU2HHGCYSC,13,split_and_pay,40.0,4,7e8f9a0b1c2d3e4f5a6b7c8d9e0f1a2b3c4d5e6f7a8b9c0d1e2f3a4b5c6d7e8f,success,2026-07-10T14:12:44Z,https://stellar.expert/explorer/testnet/contract/CDLZFC3SYJYDZT7K67VZ75HPJVIEUVNIXF47ZG2FB2RMQQVU2HHGCYSC
GZ6A7B8C9D0E1F2G3H4I5J6K7L8M9N0O1P2Q3R4S5T6U7V8W9X0Y1Z2A,CDLZFC3SYJYDZT7K67VZ75HPJVIEUVNIXF47ZG2FB2RMQQVU2HHGCYSC,14,create_expense,70.0,2,2b3c4d5e6f7a8b9c0d1e2f3a4b5c6d7e8f9a0b1c2d3e4f5a6b7c8d9e0f1a2b3c,success,2026-07-10T16:55:01Z,https://stellar.expert/explorer/testnet/contract/CDLZFC3SYJYDZT7K67VZ75HPJVIEUVNIXF47ZG2FB2RMQQVU2HHGCYSC
GA7B8C9D0E1F2G3H4I5J6K7L8M9N0O1P2Q3R4S5T6U7V8W9X0Y1Z2A3B,CDLZFC3SYJYDZT7K67VZ75HPJVIEUVNIXF47ZG2FB2RMQQVU2HHGCYSC,14,split_and_pay,35.0,2,5c6d7e8f9a0b1c2d3e4f5a6b7c8d9e0f1a2b3c4d5e6f7a8b9c0d1e2f3a4b5c6d,success,2026-07-11T09:40:22Z,https://stellar.expert/explorer/testnet/contract/CDLZFC3SYJYDZT7K67VZ75HPJVIEUVNIXF47ZG2FB2RMQQVU2HHGCYSC
GB8C9D0E1F2G3H4I5J6K7L8M9N0O1P2Q3R4S5T6U7V8W9X0Y1Z2A3B4C,CDLZFC3SYJYDZT7K67VZ75HPJVIEUVNIXF47ZG2FB2RMQQVU2HHGCYSC,15,create_expense,210.0,3,8f9a0b1c2d3e4f5a6b7c8d9e0f1a2b3c4d5e6f7a8b9c0d1e2f3a4b5c6d7e8f9a,success,2026-07-11T12:00:10Z,https://stellar.expert/explorer/testnet/contract/CDLZFC3SYJYDZT7K67VZ75HPJVIEUVNIXF47ZG2FB2RMQQVU2HHGCYSC
GC9D0E1F2G3H4I5J6K7L8M9N0O1P2Q3R4S5T6U7V8W9X0Y1Z2A3B4C5D,CDLZFC3SYJYDZT7K67VZ75HPJVIEUVNIXF47ZG2FB2RMQQVU2HHGCYSC,15,split_and_pay,70.0,3,1c2d3e4f5a6b7c8d9e0f1a2b3c4d5e6f7a8b9c0d1e2f3a4b5c6d7e8f9a0b1c2d,success,2026-07-11T15:20:35Z,https://stellar.expert/explorer/testnet/contract/CDLZFC3SYJYDZT7K67VZ75HPJVIEUVNIXF47ZG2FB2RMQQVU2HHGCYSC
GD0E1F2G3H4I5J6K7L8M9N0O1P2Q3R4S5T6U7V8W9X0Y1Z2A3B4C5D6E,CDLZFC3SYJYDZT7K67VZ75HPJVIEUVNIXF47ZG2FB2RMQQVU2HHGCYSC,16,create_expense,85.0,2,6f7a8b9c0d1e2f3a4b5c6d7e8f9a0b1c2d3e4f5a6b7c8d9e0f1a2b3c4d5e6f7a,success,2026-07-12T10:05:00Z,https://stellar.expert/explorer/testnet/contract/CDLZFC3SYJYDZT7K67VZ75HPJVIEUVNIXF47ZG2FB2RMQQVU2HHGCYSC
GE1F2G3H4I5J6K7L8M9N0O1P2Q3R4S5T6U7V8W9X0Y1Z2A3B4C5D6E7F,CDLZFC3SYJYDZT7K67VZ75HPJVIEUVNIXF47ZG2FB2RMQQVU2HHGCYSC,16,split_and_pay,42.5,2,3a4b5c6d7e8f9a0b1c2d3e4f5a6b7c8d9e0f1a2b3c4d5e6f7a8b9c0d1e2f3a4b,success,2026-07-12T13:45:19Z,https://stellar.expert/explorer/testnet/contract/CDLZFC3SYJYDZT7K67VZ75HPJVIEUVNIXF47ZG2FB2RMQQVU2HHGCYSC
GF2G3H4I5J6K7L8M9N0O1P2Q3R4S5T6U7V8W9X0Y1Z2A3B4C5D6E7F8G,CDLZFC3SYJYDZT7K67VZ75HPJVIEUVNIXF47ZG2FB2RMQQVU2HHGCYSC,17,create_expense,140.0,4,9b0c1d2e3f4a5b6c7d8e9f0a1b2c3d4e5f6a7b8c9d0e1f2a3b4c5d6e7f8a9b0c,success,2026-07-12T17:10:42Z,https://stellar.expert/explorer/testnet/contract/CDLZFC3SYJYDZT7K67VZ75HPJVIEUVNIXF47ZG2FB2RMQQVU2HHGCYSC
GG3H4I5J6K7L8M9N0O1P2Q3R4S5T6U7V8W9X0Y1Z2A3B4C5D6E7F8G9H,CDLZFC3SYJYDZT7K67VZ75HPJVIEUVNIXF47ZG2FB2RMQQVU2HHGCYSC,17,split_and_pay,35.0,4,4e5f6a7b8c9d0e1f2a3b4c5d6e7f8a9b0c1d2e3f4a5b6c7d8e9f0a1b2c3d4e5f,success,2026-07-13T09:30:15Z,https://stellar.expert/explorer/testnet/contract/CDLZFC3SYJYDZT7K67VZ75HPJVIEUVNIXF47ZG2FB2RMQQVU2HHGCYSC
GH4I5J6K7L8M9N0O1P2Q3R4S5T6U7V8W9X0Y1Z2A3B4C5D6E7F8G9H0I,CDLZFC3SYJYDZT7K67VZ75HPJVIEUVNIXF47ZG2FB2RMQQVU2HHGCYSC,18,create_expense,95.0,3,1b2c3d4e5f6a7b8c9d0e1f2a3b4c5d6e7f8a9b0c1d2e3f4a5b6c7d8e9f0a1b2c,success,2026-07-13T11:55:08Z,https://stellar.expert/explorer/testnet/contract/CDLZFC3SYJYDZT7K67VZ75HPJVIEUVNIXF47ZG2FB2RMQQVU2HHGCYSC
GI5J6K7L8M9N0O1P2Q3R4S5T6U7V8W9X0Y1Z2A3B4C5D6E7F8G9H0I1J,CDLZFC3SYJYDZT7K67VZ75HPJVIEUVNIXF47ZG2FB2RMQQVU2HHGCYSC,18,split_and_pay,31.6,3,7f8a9b0c1d2e3f4a5b6c7d8e9f0a1b2c3d4e5f6a7b8c9d0e1f2a3b4c5d6e7f8a,success,2026-07-13T14:40:29Z,https://stellar.expert/explorer/testnet/contract/CDLZFC3SYJYDZT7K67VZ75HPJVIEUVNIXF47ZG2FB2RMQQVU2HHGCYSC
GJ6K7L8M9N0O1P2Q3R4S5T6U7V8W9X0Y1Z2A3B4C5D6E7F8G9H0I1J2K,CDLZFC3SYJYDZT7K67VZ75HPJVIEUVNIXF47ZG2FB2RMQQVU2HHGCYSC,19,create_expense,250.0,5,2c3d4e5f6a7b8c9d0e1f2a3b4c5d6e7f8a9b0c1d2e3f4a5b6c7d8e9f0a1b2c3d,success,2026-07-14T08:15:00Z,https://stellar.expert/explorer/testnet/contract/CDLZFC3SYJYDZT7K67VZ75HPJVIEUVNIXF47ZG2FB2RMQQVU2HHGCYSC
GK7L8M9N0O1P2Q3R4S5T6U7V8W9X0Y1Z2A3B4C5D6E7F8G9H0I1J2K3L,CDLZFC3SYJYDZT7K67VZ75HPJVIEUVNIXF47ZG2FB2RMQQVU2HHGCYSC,19,split_and_pay,50.0,5,5a6b7c8d9e0f1a2b3c4d5e6f7a8b9c0d1e2f3a4b5c6d7e8f9a0b1c2d3e4f5a6b,success,2026-07-14T10:45:22Z,https://stellar.expert/explorer/testnet/contract/CDLZFC3SYJYDZT7K67VZ75HPJVIEUVNIXF47ZG2FB2RMQQVU2HHGCYSC
GL8M9N0O1P2Q3R4S5T6U7V8W9X0Y1Z2A3B4C5D6E7F8G9H0I1J2K3L4M,CDLZFC3SYJYDZT7K67VZ75HPJVIEUVNIXF47ZG2FB2RMQQVU2HHGCYSC,20,create_expense,105.0,3,0b1c2d3e4f5a6b7c8d9e0f1a2b3c4d5e6f7a8b9c0d1e2f3a4b5c6d7e8f9a0b1c,success,2026-07-14T15:00:11Z,https://stellar.expert/explorer/testnet/contract/CDLZFC3SYJYDZT7K67VZ75HPJVIEUVNIXF47ZG2FB2RMQQVU2HHGCYSC
GM9N0O1P2Q3R4S5T6U7V8W9X0Y1Z2A3B4C5D6E7F8G9H0I1J2K3L4M5N,CDLZFC3SYJYDZT7K67VZ75HPJVIEUVNIXF47ZG2FB2RMQQVU2HHGCYSC,20,split_and_pay,35.0,3,6d7e8f9a0b1c2d3e4f5a6b7c8d9e0f1a2b3c4d5e6f7a8b9c0d1e2f3a4b5c6d7e,success,2026-07-15T09:20:45Z,https://stellar.expert/explorer/testnet/contract/CDLZFC3SYJYDZT7K67VZ75HPJVIEUVNIXF47ZG2FB2RMQQVU2HHGCYSC
GN0O1P2Q3R4S5T6U7V8W9X0Y1Z2A3B4C5D6E7F8G9H0I1J2K3L4M5N6O,CDLZFC3SYJYDZT7K67VZ75HPJVIEUVNIXF47ZG2FB2RMQQVU2HHGCYSC,21,create_expense,180.0,4,3e4f5a6b7c8d9e0f1a2b3c4d5e6f7a8b9c0d1e2f3a4b5c6d7e8f9a0b1c2d3e4f,success,2026-07-15T12:10:33Z,https://stellar.expert/explorer/testnet/contract/CDLZFC3SYJYDZT7K67VZ75HPJVIEUVNIXF47ZG2FB2RMQQVU2HHGCYSC
GO1P2Q3R4S5T6U7V8W9X0Y1Z2A3B4C5D6E7F8G9H0I1J2K3L4M5N6O7P,CDLZFC3SYJYDZT7K67VZ75HPJVIEUVNIXF47ZG2FB2RMQQVU2HHGCYSC,21,split_and_pay,45.0,4,8a9b0c1d2e3f4a5b6c7d8e9f0a1b2c3d4e5f6a7b8c9d0e1f2a3b4c5d6e7f8a9b,success,2026-07-15T16:35:09Z,https://stellar.expert/explorer/testnet/contract/CDLZFC3SYJYDZT7K67VZ75HPJVIEUVNIXF47ZG2FB2RMQQVU2HHGCYSC
GP2Q3R4S5T6U7V8W9X0Y1Z2A3B4C5D6E7F8G9H0I1J2K3L4M5N6O7P8Q,CDLZFC3SYJYDZT7K67VZ75HPJVIEUVNIXF47ZG2FB2RMQQVU2HHGCYSC,22,create_expense,65.0,2,4c5d6e7f8a9b0c1d2e3f4a5b6c7d8e9f0a1b2c3d4e5f6a7b8c9d0e1f2a3b4c5d,success,2026-07-16T10:05:40Z,https://stellar.expert/explorer/testnet/contract/CDLZFC3SYJYDZT7K67VZ75HPJVIEUVNIXF47ZG2FB2RMQQVU2HHGCYSC
GQ3R4S5T6U7V8W9X0Y1Z2A3B4C5D6E7F8G9H0I1J2K3L4M5N6O7P8Q9R,CDLZFC3SYJYDZT7K67VZ75HPJVIEUVNIXF47ZG2FB2RMQQVU2HHGCYSC,22,split_and_pay,32.5,2,9f0a1b2c3d4e5f6a7b8c9d0e1f2a3b4c5d6e7f8a9b0c1d2e3f4a5b6c7d8e9f0a,success,2026-07-16T13:40:18Z,https://stellar.expert/explorer/testnet/contract/CDLZFC3SYJYDZT7K67VZ75HPJVIEUVNIXF47ZG2FB2RMQQVU2HHGCYSC
GR4S5T6U7V8W9X0Y1Z2A3B4C5D6E7F8G9H0I1J2K3L4M5N6O7P8Q9R0S,CDLZFC3SYJYDZT7K67VZ75HPJVIEUVNIXF47ZG2FB2RMQQVU2HHGCYSC,23,create_expense,220.0,4,1a2b3c4d5e6f7a8b9c0d1e2f3a4b5c6d7e8f9a0b1c2d3e4f5a6b7c8d9e0f1a2b,success,2026-07-16T17:15:02Z,https://stellar.expert/explorer/testnet/contract/CDLZFC3SYJYDZT7K67VZ75HPJVIEUVNIXF47ZG2FB2RMQQVU2HHGCYSC
GS5T6U7V8W9X0Y1Z2A3B4C5D6E7F8G9H0I1J2K3L4M5N6O7P8Q9R0S1T,CDLZFC3SYJYDZT7K67VZ75HPJVIEUVNIXF47ZG2FB2RMQQVU2HHGCYSC,23,split_and_pay,55.0,4,7e8f9a0b1c2d3e4f5a6b7c8d9e0f1a2b3c4d5e6f7a8b9c0d1e2f3a4b5c6d7e8f,success,2026-07-17T09:25:50Z,https://stellar.expert/explorer/testnet/contract/CDLZFC3SYJYDZT7K67VZ75HPJVIEUVNIXF47ZG2FB2RMQQVU2HHGCYSC
GT6U7V8W9X0Y1Z2A3B4C5D6E7F8G9H0I1J2K3L4M5N6O7P8Q9R0S1T2U,CDLZFC3SYJYDZT7K67VZ75HPJVIEUVNIXF47ZG2FB2RMQQVU2HHGCYSC,24,create_expense,130.0,3,2b3c4d5e6f7a8b9c0d1e2f3a4b5c6d7e8f9a0b1c2d3e4f5a6b7c8d9e0f1a2b3c,success,2026-07-17T11:50:11Z,https://stellar.expert/explorer/testnet/contract/CDLZFC3SYJYDZT7K67VZ75HPJVIEUVNIXF47ZG2FB2RMQQVU2HHGCYSC
GU7V8W9X0Y1Z2A3B4C5D6E7F8G9H0I1J2K3L4M5N6O7P8Q9R0S1T2U3V,CDLZFC3SYJYDZT7K67VZ75HPJVIEUVNIXF47ZG2FB2RMQQVU2HHGCYSC,24,split_and_pay,43.3,3,5c6d7e8f9a0b1c2d3e4f5a6b7c8d9e0f1a2b3c4d5e6f7a8b9c0d1e2f3a4b5c6d,success,2026-07-17T14:30:25Z,https://stellar.expert/explorer/testnet/contract/CDLZFC3SYJYDZT7K67VZ75HPJVIEUVNIXF47ZG2FB2RMQQVU2HHGCYSC
GV8W9X0Y1Z2A3B4C5D6E7F8G9H0I1J2K3L4M5N6O7P8Q9R0S1T2U3V4W,CDLZFC3SYJYDZT7K67VZ75HPJVIEUVNIXF47ZG2FB2RMQQVU2HHGCYSC,25,create_expense,175.0,5,8f9a0b1c2d3e4f5a6b7c8d9e0f1a2b3c4d5e6f7a8b9c0d1e2f3a4b5c6d7e8f9a,success,2026-07-18T08:40:00Z,https://stellar.expert/explorer/testnet/contract/CDLZFC3SYJYDZT7K67VZ75HPJVIEUVNIXF47ZG2FB2RMQQVU2HHGCYSC
GW9X0Y1Z2A3B4C5D6E7F8G9H0I1J2K3L4M5N6O7P8Q9R0S1T2U3V4W5X,CDLZFC3SYJYDZT7K67VZ75HPJVIEUVNIXF47ZG2FB2RMQQVU2HHGCYSC,25,split_and_pay,35.0,5,1c2d3e4f5a6b7c8d9e0f1a2b3c4d5e6f7a8b9c0d1e2f3a4b5c6d7e8f9a0b1c2d,success,2026-07-18T11:15:33Z,https://stellar.expert/explorer/testnet/contract/CDLZFC3SYJYDZT7K67VZ75HPJVIEUVNIXF47ZG2FB2RMQQVU2HHGCYSC
GX0Y1Z2A3B4C5D6E7F8G9H0I1J2K3L4M5N6O7P8Q9R0S1T2U3V4W5X6Y,CDLZFC3SYJYDZT7K67VZ75HPJVIEUVNIXF47ZG2FB2RMQQVU2HHGCYSC,26,create_expense,90.0,2,6f7a8b9c0d1e2f3a4b5c6d7e8f9a0b1c2d3e4f5a6b7c8d9e0f1a2b3c4d5e6f7a,success,2026-07-18T15:20:10Z,https://stellar.expert/explorer/testnet/contract/CDLZFC3SYJYDZT7K67VZ75HPJVIEUVNIXF47ZG2FB2RMQQVU2HHGCYSC
GY1Z2A3B4C5D6E7F8G9H0I1J2K3L4M5N6O7P8Q9R0S1T2U3V4W5X6Y7Z,CDLZFC3SYJYDZT7K67VZ75HPJVIEUVNIXF47ZG2FB2RMQQVU2HHGCYSC,26,split_and_pay,45.0,2,3a4b5c6d7e8f9a0b1c2d3e4f5a6b7c8d9e0f1a2b3c4d5e6f7a8b9c0d1e2f3a4b,success,2026-07-19T10:05:44Z,https://stellar.expert/explorer/testnet/contract/CDLZFC3SYJYDZT7K67VZ75HPJVIEUVNIXF47ZG2FB2RMQQVU2HHGCYSC
GZ2A3B4C5D6E7F8G9H0I1J2K3L4M5N6O7P8Q9R0S1T2U3V4W5X6Y7Z8A,CDLZFC3SYJYDZT7K67VZ75HPJVIEUVNIXF47ZG2FB2RMQQVU2HHGCYSC,27,create_expense,240.0,4,9b0c1d2e3f4a5b6c7d8e9f0a1b2c3d4e5f6a7b8c9d0e1f2a3b4c5d6e7f8a9b0c,success,2026-07-19T13:30:19Z,https://stellar.expert/explorer/testnet/contract/CDLZFC3SYJYDZT7K67VZ75HPJVIEUVNIXF47ZG2FB2RMQQVU2HHGCYSC
GA3B4C5D6E7F8G9H0I1J2K3L4M5N6O7P8Q9R0S1T2U3V4W5X6Y7Z8A9B,CDLZFC3SYJYDZT7K67VZ75HPJVIEUVNIXF47ZG2FB2RMQQVU2HHGCYSC,27,split_and_pay,60.0,4,4e5f6a7b8c9d0e1f2a3b4c5d6e7f8a9b0c1d2e3f4a5b6c7d8e9f0a1b2c3d4e5f,success,2026-07-19T16:45:00Z,https://stellar.expert/explorer/testnet/contract/CDLZFC3SYJYDZT7K67VZ75HPJVIEUVNIXF47ZG2FB2RMQQVU2HHGCYSC
GB4C5D6E7F8G9H0I1J2K3L4M5N6O7P8Q9R0S1T2U3V4W5X6Y7Z8A9B0C,CDLZFC3SYJYDZT7K67VZ75HPJVIEUVNIXF47ZG2FB2RMQQVU2HHGCYSC,28,create_expense,100.0,3,1b2c3d4e5f6a7b8c9d0e1f2a3b4c5d6e7f8a9b0c1d2e3f4a5b6c7d8e9f0a1b2c,success,2026-07-20T09:00:00Z,https://stellar.expert/explorer/testnet/contract/CDLZFC3SYJYDZT7K67VZ75HPJVIEUVNIXF47ZG2FB2RMQQVU2HHGCYSC
